date,workout_session,start_time,end_time,exercise_library,body_part,id,workout,set,rep,weight,peak_velocity_con,mean_velocity_con,peak_power_con,mean_power_con,peak_foce_con,mean_foce_con,peak_acceleration_con,mean_acceleration_con,peak_velocity_ecc,mean_velocity_ecc,peak_power_ecc,mean_power_ecc,peak_foce_ecc,mean_foce_ecc,peak_acceleration_ecc,mean_acceleration_ecc,rep_duration_con,rep_duration_ecc,top_stay_duration,bottom_stay_duration,rep_start,rep_end,RSI,RFD
2025-02-04,1,2025-02-04 13:00,2025-02-04 13:20,Seated_Lat_Pulldown,Middle_back,1,1,1,1,10,1.2,0.6,2.2,1.6,2.2,1.6,0.8,0.4,1.2,0.6,0.9,0.45,0.9,0.45,1.2,0.6,0:00:20,0:00:20,0:00:50,0:00:50,0:01:00,0:01:30,20.1,30.5
2025-02-04,1,2025-02-04 13:00,2025-02-04 13:20,Seated_Lat_Pulldown,Upper_back,1,1,1,1,10,1.2,0.6,2.2,1.6,2.2,1.6,0.8,0.4,1.2,0.6,0.9,0.45,0.9,0.45,1.2,0.6,0:00:20,0:00:20,0:00:50,0:00:50,0:01:00,0:01:30,20.1,30.5
2025-02-04,1,2025-02-04 13:00,2025-02-04 13:20,Seated_Lat_Pulldown,Middle_back,2,1,1,2,10,1.2,0.6,2.2,1.6,2.2,1.6,0.8,0.4,1.2,0.6,0.9,0.45,0.9,0.45,1.2,0.6,0:00:20,0:00:20,0:00:50,0:00:50,0:01:00,0:01:30,20.1,30.5
2025-02-04,1,2025-02-04 13:00,2025-02-04 13:20,Seated_Lat_Pulldown,Upper_back,2,1,1,2,10,1.2,0.6,2.2,1.6,2.2,1.6,0.8,0.4,1.2,0.6,0.9,0.45,0.9,0.45,1.2,0.6,0:00:20,0:00:20,0:00:50,0:00:50,0:01:00,0:01:30,20.1,30.5
2025-02-04,1,2025-02-04 13:00,2025-02-04 13:20,Seated_Lat_Pulldown,Middle_back,3,1,1,3,10,1.2,0.6,2.2,1.6,2.2,1.6,0.8,0.4,1.2,0.6,0.9,0.45,0.9,0.45,1.2,0.6,0:00:20,0:00:20,0:00:50,0:00:50,0:01:00,0:01:30,20.1,30.5
2025-02-04,1,2025-02-04 13:00,2025-02-04 13:20,Seated_Lat_Pulldown,Upper_back,3,1,1,3,10,1.2,0.6,2.2,1.6,2.2,1.6,0.8,0.4,1.2,0.6,0.9,0.45,0.9,0.45,1.2,0.6,0:00:20,0:00:20,0:00:50,0:00:50,0:01:00,0:01:30,20.1,30.5
2025-02-04,1,2025-02-04 13:00,2025-02-04 13:20,Seated_Lat_Pulldown,Middle_back,4,1,1,4,10,1.2,0.6,2.2,1.6,2.2,1.6,0.8,0.4,1.2,0.6,0.9,0.45,0.9,0.45,1.2,0.6,0:00:20,0:00:20,0:00:50,0:00:50,0:01:00,0:01:30,20.1,30.5
2025-02-04,1,2025-02-04 13:00,2025-02-04 13:20,Seated_Lat_Pulldown,Upper_back,4,1,1,4,10,1.2,0.6,2.2,1.6,2.2,1.6,0.8,0.4,1.2,0.6,0.9,0.45,0.9,0.45,1.2,0.6,0:00:20,0:00:20,0:00:50,0:00:50,0:01:00,0:01:30,20.1,30.5
2025-02-04,1,2025-02-04 13:00,2025-02-04 13:20,Seated_Lat_Pulldown,Middle_back,5,1,1,5,10,1.2,0.6,2.2,1.6,2.2,1.6,0.8,0.4,1.2,0.6,0.9,0.45,0.9,0.45,1.2,0.6,0:00:20,0:00:20,0:00:50,0:00:50,0:01:00,0:01:30,20.1,30.5
2025-02-04,1,2025-02-04 13:00,2025-02-04 13:20,Seated_Lat_Pulldown,Upper_back,5,1,1,5,10,1.2,0.6,2.2,1.6,2.2,1.6,0.8,0.4,1.2,0.6,0.9,0.45,0.9,0.45,1.2,0.6,0:00:20,0:00:20,0:00:50,0:00:50,0:01:00,0:01:30,20.1,30.5
2025-02-04,1,2025-02-04 13:00,2025-02-04 13:20,Seated_Lat_Pulldown,Middle_back,6,1,2,1,10,1.2,0.6,2.2,1.6,2.2,1.6,0.8,0.4,1.2,0.6,0.9,0.45,0.9,0.45,1.2,0.6,0:00:20,0:00:20,0:00:50,0:00:50,0:01:00,0:01:30,20.1,30.5
2025-02-04,1,2025-02-04 13:00,2025-02-04 13:20,Seated_Lat_Pulldown,Upper_back,6,1,2,1,10,1.2,0.6,2.2,1.6,2.2,1.6,0.8,0.4,1.2,0.6,0.9,0.45,0.9,0.45,1.2,0.6,0:00:20,0:00:20,0:00:50,0:00:50,0:01:00,0:01:30,20.1,30.5
2025-02-04,1,2025-02-04 13:00,2025-02-04 13:20,Seated_Lat_Pulldown,Middle_back,7,1,2,2,10,1.2,0.6,2.2,1.6,2.2,1.6,0.8,0.4,1.2,0.6,0.9,0.45,0.9,0.45,1.2,0.6,0:00:20,0:00:20,0:00:50,0:00:50,0:01:00,0:01:30,20.1,30.5
2025-02-04,1,2025-02-04 13:00,2025-02-04 13:20,Seated_Lat_Pulldown,Upper_back,7,1,2,2,10,1.2,0.6,2.2,1.6,2.2,1.6,0.8,0.4,1.2,0.6,0.9,0.45,0.9,0.45,1.2,0.6,0:00:20,0:00:20,0:00:50,0:00:50,0:01:00,0:01:30,20.1,30.5
2025-02-04,1,2025-02-04 13:00,2025-02-04 13:20,Seated_Lat_Pulldown,Middle_back,8,1,2,3,10,1.2,0.6,2.2,1.6,2.2,1.6,0.8,0.4,1.2,0.6,0.9,0.45,0.9,0.45,1.2,0.6,0:00:20,0:00:20,0:00:50,0:00:50,0:01:00,0:01:30,20.1,30.5
2025-02-04,1,2025-02-04 13:00,2025-02-04 13:20,Seated_Lat_Pulldown,Upper_back,8,1,2,3,10,1.2,0.6,2.2,1.6,2.2,1.6,0.8,0.4,1.2,0.6,0.9,0.45,0.9,0.45,1.2,0.6,0:00:20,0:00:20,0:00:50,0:00:50,0:01:00,0:01:30,20.1,30.5
2025-02-04,1,2025-02-04 13:00,2025-02-04 13:20,Seated_Lat_Pulldown,Middle_back,9,1,2,4,10,1.2,0.6,2.2,1.6,2.2,1.6,0.8,0.4,1.2,0.6,0.9,0.45,0.9,0.45,1.2,0.6,0:00:20,0:00:20,0:00:50,0:00:50,0:01:00,0:01:30,20.1,30.5
2025-02-04,1,2025-02-04 13:00,2025-02-04 13:20,Seated_Lat_Pulldown,Upper_back,9,1,2,4,10,1.2,0.6,2.2,1.6,2.2,1.6,0.8,0.4,1.2,0.6,0.9,0.45,0.9,0.45,1.2,0.6,0:00:20,0:00:20,0:00:50,0:00:50,0:01:00,0:01:30,20.1,30.5
2025-02-04,1,2025-02-04 13:00,2025-02-04 13:20,Seated_Lat_Pulldown,Middle_back,10,1,2,5,10,1.2,0.6,2.2,1.6,2.2,1.6,0.8,0.4,1.2,0.6,0.9,0.45,0.9,0.45,1.2,0.6,0:00:20,0:00:20,0:00:50,0:00:50,0:01:00,0:01:30,20.1,30.5
2025-02-04,1,2025-02-04 13:00,2025-02-04 13:20,Seated_Lat_Pulldown,Upper_back,10,1,2,5,10,1.2,0.6,2.2,1.6,2.2,1.6,0.8,0.4,1.2,0.6,0.9,0.45,0.9,0.45,1.2,0.6,0:00:20,0:00:20,0:00:50,0:00:50,0:01:00,0:01:30,20.1,30.5
2025-02-04,1,2025-02-04 13:00,2025-02-04 13:20,Seated_Lat_Pulldown,Middle_back,11,1,3,1,10,1.2,0.6,2.2,1.6,2.2,1.6,0.8,0.4,1.2,0.6,0.9,0.45,0.9,0.45,1.2,0.6,0:00:20,0:00:20,0:00:50,0:00:50,0:01:00,0:01:30,20.1,30.5
2025-02-04,1,2025-02-04 13:00,2025-02-04 13:20,Seated_Lat_Pulldown,Upper_back,11,1,3,1,10,1.2,0.6,2.2,1.6,2.2,1.6,0.8,0.4,1.2,0.6,0.9,0.45,0.9,0.45,1.2,0.6,0:00:20,0:00:20,0:00:50,0:00:50,0:01:00,0:01:30,20.1,30.5
2025-02-04,1,2025-02-04 13:00,2025-02-04 13:20,Seated_Lat_Pulldown,Middle_back,12,1,3,2,10,1.2,0.6,2.2,1.6,2.2,1.6,0.8,0.4,1.2,0.6,0.9,0.45,0.9,0.45,1.2,0.6,0:00:20,0:00:20,0:00:50,0:00:50,0:01:00,0:01:30,20.1,30.5
2025-02-04,1,2025-02-04 13:00,2025-02-04 13:20,Seated_Lat_Pulldown,Upper_back,12,1,3,2,10,1.2,0.6,2.2,1.6,2.2,1.6,0.8,0.4,1.2,0.6,0.9,0.45,0.9,0.45,1.2,0.6,0:00:20,0:00:20,0:00:50,0:00:50,0:01:00,0:01:30,20.1,30.5
2025-02-04,1,2025-02-04 13:00,2025-02-04 13:20,Seated_Lat_Pulldown,Middle_back,13,1,3,3,10,1.2,0.6,2.2,1.6,2.2,1.6,0.8,0.4,1.2,0.6,0.9,0.45,0.9,0.45,1.2,0.6,0:00:20,0:00:20,0:00:50,0:00:50,0:01:00,0:01:30,20.1,30.5
2025-02-04,1,2025-02-04 13:00,2025-02-04 13:20,Seated_Lat_Pulldown,Upper_back,13,1,3,3,10,1.2,0.6,2.2,1.6,2.2,1.6,0.8,0.4,1.2,0.6,0.9,0.45,0.9,0.45,1.2,0.6,0:00:20,0:00:20,0:00:50,0:00:50,0:01:00,0:01:30,20.1,30.5
2025-02-04,1,2025-02-04 13:00,2025-02-04 13:20,Seated_Lat_Pulldown,Middle_back,14,1,3,4,10,1.2,0.6,2.2,1.6,2.2,1.6,0.8,0.4,1.2,0.6,0.9,0.45,0.9,0.45,1.2,0.6,0:00:20,0:00:20,0:00:50,0:00:50,0:01:00,0:01:30,20.1,30.5
2025-02-04,1,2025-02-04 13:00,2025-02-04 13:20,Seated_Lat_Pulldown,Upper_back,14,1,3,4,10,1.2,0.6,2.2,1.6,2.2,1.6,0.8,0.4,1.2,0.6,0.9,0.45,0.9,0.45,1.2,0.6,0:00:20,0:00:20,0:00:50,0:00:50,0:01:00,0:01:30,20.1,30.5
2025-02-04,1,2025-02-04 13:00,2025-02-04 13:20,Seated_Lat_Pulldown,Middle_back,15,1,3,5,10,1.2,0.6,2.2,1.6,2.2,1.6,0.8,0.4,1.2,0.6,0.9,0.45,0.9,0.45,1.2,0.6,0:00:20,0:00:20,0:00:50,0:00:50,0:01:00,0:01:30,20.1,30.5
2025-02-04,1,2025-02-04 13:00,2025-02-04 13:20,Seated_Lat_Pulldown,Upper_back,15,1,3,5,10,1.2,0.6,2.2,1.6,2.2,1.6,0.8,0.4,1.2,0.6,0.9,0.45,0.9,0.45,1.2,0.6,0:00:20,0:00:20,0:00:50,0:00:50,0:01:00,0:01:30,20.1,30.5
2025-02-03,2,2025-02-03 13:00,2025-02-03 13:20,Seated_Lat_Pulldown,Middle_back,16,2,1,1,10,1.2,0.6,2.2,1.6,2.2,1.6,0.8,0.4,1.2,0.6,0.9,0.45,0.9,0.45,1.2,0.6,0:00:20,0:00:20,0:00:50,0:00:50,0:01:00,0:01:30,20.1,30.5
2025-02-03,2,2025-02-03 13:00,2025-02-03 13:20,Seated_Lat_Pulldown,Upper_back,16,2,1,1,10,1.2,0.6,2.2,1.6,2.2,1.6,0.8,0.4,1.2,0.6,0.9,0.45,0.9,0.45,1.2,0.6,0:00:20,0:00:20,0:00:50,0:00:50,0:01:00,0:01:30,20.1,30.5
2025-02-03,2,2025-02-03 13:00,2025-02-03 13:20,Seated_Lat_Pulldown,Middle_back,17,2,1,2,10,1.2,0.6,2.2,1.6,2.2,1.6,0.8,0.4,1.2,0.6,0.9,0.45,0.9,0.45,1.2,0.6,0:00:20,0:00:20,0:00:50,0:00:50,0:01:00,0:01:30,20.1,30.5
2025-02-03,2,2025-02-03 13:00,2025-02-03 13:20,Seated_Lat_Pulldown,Upper_back,17,2,1,2,10,1.2,0.6,2.2,1.6,2.2,1.6,0.8,0.4,1.2,0.6,0.9,0.45,0.9,0.45,1.2,0.6,0:00:20,0:00:20,0:00:50,0:00:50,0:01:00,0:01:30,20.1,30.5
2025-02-03,2,2025-02-03 13:00,2025-02-03 13:20,Seated_Lat_Pulldown,Middle_back,18,2,1,3,10,1.2,0.6,2.2,1.6,2.2,1.6,0.8,0.4,1.2,0.6,0.9,0.45,0.9,0.45,1.2,0.6,0:00:20,0:00:20,0:00:50,0:00:50,0:01:00,0:01:30,20.1,30.5
2025-02-03,2,2025-02-03 13:00,2025-02-03 13:20,Seated_Lat_Pulldown,Upper_back,18,2,1,3,10,1.2,0.6,2.2,1.6,2.2,1.6,0.8,0.4,1.2,0.6,0.9,0.45,0.9,0.45,1.2,0.6,0:00:20,0:00:20,0:00:50,0:00:50,0:01:00,0:01:30,20.1,30.5
2025-02-03,2,2025-02-03 13:00,2025-02-03 13:20,Seated_Lat_Pulldown,Middle_back,19,2,1,4,10,1.2,0.6,2.2,1.6,2.2,1.6,0.8,0.4,1.2,0.6,0.9,0.45,0.9,0.45,1.2,0.6,0:00:20,0:00:20,0:00:50,0:00:50,0:01:00,0:01:30,20.1,30.5
2025-02-03,2,2025-02-03 13:00,2025-02-03 13:20,Seated_Lat_Pulldown,Upper_back,19,2,1,4,10,1.2,0.6,2.2,1.6,2.2,1.6,0.8,0.4,1.2,0.6,0.9,0.45,0.9,0.45,1.2,0.6,0:00:20,0:00:20,0:00:50,0:00:50,0:01:00,0:01:30,20.1,30.5
2025-02-03,2,2025-02-03 13:00,2025-02-03 13:20,Seated_Lat_Pulldown,Middle_back,20,2,1,5,10,1.2,0.6,2.2,1.6,2.2,1.6,0.8,0.4,1.2,0.6,0.9,0.45,0.9,0.45,1.2,0.6,0:00:20,0:00:20,0:00:50,0:00:50,0:01:00,0:01:30,20.1,30.5
2025-02-03,2,2025-02-03 13:00,2025-02-03 13:20,Seated_Lat_Pulldown,Upper_back,20,2,1,5,10,1.2,0.6,2.2,1.6,2.2,1.6,0.8,0.4,1.2,0.6,0.9,0.45,0.9,0.45,1.2,0.6,0:00:20,0:00:20,0:00:50,0:00:50,0:01:00,0:01:30,20.1,30.5
2025-02-03,2,2025-02-03 13:00,2025-02-03 13:20,Seated_Lat_Pulldown,Middle_back,21,2,2,1,10,1.2,0.6,2.2,1.6,2.2,1.6,0.8,0.4,1.2,0.6,0.9,0.45,0.9,0.45,1.2,0.6,0:00:20,0:00:20,0:00:50,0:00:50,0:01:00,0:01:30,20.1,30.5
2025-02-03,2,2025-02-03 13:00,2025-02-03 13:20,Seated_Lat_Pulldown,Upper_back,21,2,2,1,10,1.2,0.6,2.2,1.6,2.2,1.6,0.8,0.4,1.2,0.6,0.9,0.45,0.9,0.45,1.2,0.6,0:00:20,0:00:20,0:00:50,0:00:50,0:01:00,0:01:30,20.1,30.5
2025-02-03,2,2025-02-03 13:00,2025-02-03 13:20,Seated_Lat_Pulldown,Middle_back,22,2,2,2,10,1.2,0.6,2.2,1.6,2.2,1.6,0.8,0.4,1.2,0.6,0.9,0.45,0.9,0.45,1.2,0.6,0:00:20,0:00:20,0:00:50,0:00:50,0:01:00,0:01:30,20.1,30.5
2025-02-03,2,2025-02-03 13:00,2025-02-03 13:20,Seated_Lat_Pulldown,Upper_back,22,2,2,2,10,1.2,0.6,2.2,1.6,2.2,1.6,0.8,0.4,1.2,0.6,0.9,0.45,0.9,0.45,1.2,0.6,0:00:20,0:00:20,0:00:50,0:00:50,0:01:00,0:01:30,20.1,30.5
2025-02-03,2,2025-02-03 13:00,2025-02-03 13:20,Seated_Lat_Pulldown,Middle_back,23,2,2,3,10,1.2,0.6,2.2,1.6,2.2,1.6,0.8,0.4,1.2,0.6,0.9,0.45,0.9,0.45,1.2,0.6,0:00:20,0:00:20,0:00:50,0:00:50,0:01:00,0:01:30,20.1,30.5
2025-02-03,2,2025-02-03 13:00,2025-02-03 13:20,Seated_Lat_Pulldown,Upper_back,23,2,2,3,10,1.2,0.6,2.2,1.6,2.2,1.6,0.8,0.4,1.2,0.6,0.9,0.45,0.9,0.45,1.2,0.6,0:00:20,0:00:20,0:00:50,0:00:50,0:01:00,0:01:30,20.1,30.5
2025-02-03,2,2025-02-03 13:00,2025-02-03 13:20,Seated_Lat_Pulldown,Middle_back,24,2,2,4,10,1.2,0.6,2.2,1.6,2.2,1.6,0.8,0.4,1.2,0.6,0.9,0.45,0.9,0.45,1.2,0.6,0:00:20,0:00:20,0:00:50,0:00:50,0:01:00,0:01:30,20.1,30.5
2025-02-03,2,2025-02-03 13:00,2025-02-03 13:20,Seated_Lat_Pulldown,Upper_back,24,2,2,4,10,1.2,0.6,2.2,1.6,2.2,1.6,0.8,0.4,1.2,0.6,0.9,0.45,0.9,0.45,1.2,0.6,0:00:20,0:00:20,0:00:50,0:00:50,0:01:00,0:01:30,20.1,30.5
2025-02-03,2,2025-02-03 13:00,2025-02-03 13:20,Seated_Lat_Pulldown,Middle_back,25,2,2,5,10,1.2,0.6,2.2,1.6,2.2,1.6,0.8,0.4,1.2,0.6,0.9,0.45,0.9,0.45,1.2,0.6,0:00:20,0:00:20,0:00:50,0:00:50,0:01:00,0:01:30,20.1,30.5
2025-02-03,2,2025-02-03 13:00,2025-02-03 13:20,Seated_Lat_Pulldown,Upper_back,25,2,2,5,10,1.2,0.6,2.2,1.6,2.2,1.6,0.8,0.4,1.2,0.6,0.9,0.45,0.9,0.45,1.2,0.6,0:00:20,0:00:20,0:00:50,0:00:50,0:01:00,0:01:30,20.1,30.5
2025-02-03,2,2025-02-03 13:00,2025-02-03 13:20,Seated_Lat_Pulldown,Middle_back,26,2,3,1,10,1.2,0.6,2.2,1.6,2.2,1.6,0.8,0.4,1.2,0.6,0.9,0.45,0.9,0.45,1.2,0.6,0:00:20,0:00:20,0:00:50,0:00:50,0:01:00,0:01:30,20.1,30.5
2025-02-03,2,2025-02-03 13:00,2025-02-03 13:20,Seated_Lat_Pulldown,Upper_back,26,2,3,1,10,1.2,0.6,2.2,1.6,2.2,1.6,0.8,0.4,1.2,0.6,0.9,0.45,0.9,0.45,1.2,0.6,0:00:20,0:00:20,0:00:50,0:00:50,0:01:00,0:01:30,20.1,30.5
2025-02-03,2,2025-02-03 13:00,2025-02-03 13:20,Seated_Lat_Pulldown,Middle_back,27,2,3,2,10,1.2,0.6,2.2,1.6,2.2,1.6,0.8,0.4,1.2,0.6,0.9,0.45,0.9,0.45,1.2,0.6,0:00:20,0:00:20,0:00:50,0:00:50,0:01:00,0:01:30,20.1,30.5
2025-02-03,2,2025-02-03 13:00,2025-02-03 13:20,Seated_Lat_Pulldown,Upper_back,27,2,3,2,10,1.2,0.6,2.2,1.6,2.2,1.6,0.8,0.4,1.2,0.6,0.9,0.45,0.9,0.45,1.2,0.6,0:00:20,0:00:20,0:00:50,0:00:50,0:01:00,0:01:30,20.1,30.5
2025-02-03,2,2025-02-03 13:00,2025-02-03 13:20,Seated_Lat_Pulldown,Middle_back,28,2,3,3,10,1.2,0.6,2.2,1.6,2.2,1.6,0.8,0.4,1.2,0.6,0.9,0.45,0.9,0.45,1.2,0.6,0:00:20,0:00:20,0:00:50,0:00:50,0:01:00,0:01:30,20.1,30.5
2025-02-03,2,2025-02-03 13:00,2025-02-03 13:20,Seated_Lat_Pulldown,Upper_back,28,2,3,3,10,1.2,0.6,2.2,1.6,2.2,1.6,0.8,0.4,1.2,0.6,0.9,0.45,0.9,0.45,1.2,0.6,0:00:20,0:00:20,0:00:50,0:00:50,0:01:00,0:01:30,20.1,30.5
2025-02-03,2,2025-02-03 13:00,2025-02-03 13:20,Seated_Lat_Pulldown,Middle_back,29,2,3,4,10,1.2,0.6,2.2,1.6,2.2,1.6,0.8,0.4,1.2,0.6,0.9,0.45,0.9,0.45,1.2,0.6,0:00:20,0:00:20,0:00:50,0:00:50,0:01:00,0:01:30,20.1,30.5
2025-02-03,2,2025-02-03 13:00,2025-02-03 13:20,Seated_Lat_Pulldown,Upper_back,29,2,3,4,10,1.2,0.6,2.2,1.6,2.2,1.6,0.8,0.4,1.2,0.6,0.9,0.45,0.9,0.45,1.2,0.6,0:00:20,0:00:20,0:00:50,0:00:50,0:01:00,0:01:30,20.1,30.5
2025-02-03,2,2025-02-03 13:00,2025-02-03 13:20,Seated_Lat_Pulldown,Middle_back,30,2,3,5,10,1.2,0.6,2.2,1.6,2.2,1.6,0.8,0.4,1.2,0.6,0.9,0.45,0.9,0.45,1.2,0.6,0:00:20,0:00:20,0:00:50,0:00:50,0:01:00,0:01:30,20.1,30.5
2025-02-03,2,2025-02-03 13:00,2025-02-03 13:20,Seated_Lat_Pulldown,Upper_back,30,2,3,5,10,1.2,0.6,2.2,1.6,2.2,1.6,0.8,0.4,1.2,0.6,0.9,0.45,0.9,0.45,1.2,0.6,0:00:20,0:00:20,0:00:50,0:00:50,0:01:00,0:01:30,20.1,30.5
2025-02-05,3,2025-02-05 13:00,2025-02-05 13:20,Seated_Lat_Pulldown,Middle_back,31,3,1,1,10,1.2,0.6,2.2,1.6,2.2,1.6,0.8,0.4,1.2,0.6,0.9,0.45,0.9,0.45,1.2,0.6,0:00:20,0:00:20,0:00:50,0:00:50,0:01:00,0:01:30,20.1,30.5
2025-02-05,3,2025-02-05 13:00,2025-02-05 13:20,Seated_Lat_Pulldown,Upper_back,31,3,1,1,10,1.2,0.6,2.2,1.6,2.2,1.6,0.8,0.4,1.2,0.6,0.9,0.45,0.9,0.45,1.2,0.6,0:00:20,0:00:20,0:00:50,0:00:50,0:01:00,0:01:30,20.1,30.5
2025-02-05,3,2025-02-05 13:00,2025-02-05 13:20,Seated_Lat_Pulldown,Middle_back,32,3,1,2,10,1.2,0.6,2.2,1.6,2.2,1.6,0.8,0.4,1.2,0.6,0.9,0.45,0.9,0.45,1.2,0.6,0:00:20,0:00:20,0:00:50,0:00:50,0:01:00,0:01:30,20.1,30.5
2025-02-05,3,2025-02-05 13:00,2025-02-05 13:20,Seated_Lat_Pulldown,Upper_back,32,3,1,2,10,1.2,0.6,2.2,1.6,2.2,1.6,0.8,0.4,1.2,0.6,0.9,0.45,0.9,0.45,1.2,0.6,0:00:20,0:00:20,0:00:50,0:00:50,0:01:00,0:01:30,20.1,30.5
2025-02-05,3,2025-02-05 13:00,2025-02-05 13:20,Seated_Lat_Pulldown,Middle_back,33,3,1,3,10,1.2,0.6,2.2,1.6,2.2,1.6,0.8,0.4,1.2,0.6,0.9,0.45,0.9,0.45,1.2,0.6,0:00:20,0:00:20,0:00:50,0:00:50,0:01:00,0:01:30,20.1,30.5
2025-02-05,3,2025-02-05 13:00,2025-02-05 13:20,Seated_Lat_Pulldown,Upper_back,33,3,1,3,10,1.2,0.6,2.2,1.6,2.2,1.6,0.8,0.4,1.2,0.6,0.9,0.45,0.9,0.45,1.2,0.6,0:00:20,0:00:20,0:00:50,0:00:50,0:01:00,0:01:30,20.1,30.5
2025-02-05,3,2025-02-05 13:00,2025-02-05 13:20,Seated_Lat_Pulldown,Middle_back,34,3,1,4,10,1.2,0.6,2.2,1.6,2.2,1.6,0.8,0.4,1.2,0.6,0.9,0.45,0.9,0.45,1.2,0.6,0:00:20,0:00:20,0:00:50,0:00:50,0:01:00,0:01:30,20.1,30.5
2025-02-05,3,2025-02-05 13:00,2025-02-05 13:20,Seated_Lat_Pulldown,Upper_back,34,3,1,4,10,1.2,0.6,2.2,1.6,2.2,1.6,0.8,0.4,1.2,0.6,0.9,0.45,0.9,0.45,1.2,0.6,0:00:20,0:00:20,0:00:50,0:00:50,0:01:00,0:01:30,20.1,30.5
2025-02-05,3,2025-02-05 13:00,2025-02-05 13:20,Seated_Lat_Pulldown,Middle_back,35,3,1,5,10,1.2,0.6,2.2,1.6,2.2,1.6,0.8,0.4,1.2,0.6,0.9,0.45,0.9,0.45,1.2,0.6,0:00:20,0:00:20,0:00:50,0:00:50,0:01:00,0:01:30,20.1,30.5
2025-02-05,3,2025-02-05 13:00,2025-02-05 13:20,Seated_Lat_Pulldown,Upper_back,35,3,1,5,10,1.2,0.6,2.2,1.6,2.2,1.6,0.8,0.4,1.2,0.6,0.9,0.45,0.9,0.45,1.2,0.6,0:00:20,0:00:20,0:00:50,0:00:50,0:01:00,0:01:30,20.1,30.5
2025-02-05,3,2025-02-05 13:00,2025-02-05 13:20,Seated_Lat_Pulldown,Middle_back,36,3,2,1,10,1.2,0.6,2.2,1.6,2.2,1.6,0.8,0.4,1.2,0.6,0.9,0.45,0.9,0.45,1.2,0.6,0:00:20,0:00:20,0:00:50,0:00:50,0:01:00,0:01:30,20.1,30.5
2025-02-05,3,2025-02-05 13:00,2025-02-05 13:20,Seated_Lat_Pulldown,Upper_back,36,3,2,1,10,1.2,0.6,2.2,1.6,2.2,1.6,0.8,0.4,1.2,0.6,0.9,0.45,0.9,0.45,1.2,0.6,0:00:20,0:00:20,0:00:50,0:00:50,0:01:00,0:01:30,20.1,30.5
2025-02-05,3,2025-02-05 13:00,2025-02-05 13:20,Seated_Lat_Pulldown,Middle_back,37,3,2,2,10,1.2,0.6,2.2,1.6,2.2,1.6,0.8,0.4,1.2,0.6,0.9,0.45,0.9,0.45,1.2,0.6,0:00:20,0:00:20,0:00:50,0:00:50,0:01:00,0:01:30,20.1,30.5
2025-02-05,3,2025-02-05 13:00,2025-02-05 13:20,Seated_Lat_Pulldown,Upper_back,37,3,2,2,10,1.2,0.6,2.2,1.6,2.2,1.6,0.8,0.4,1.2,0.6,0.9,0.45,0.9,0.45,1.2,0.6,0:00:20,0:00:20,0:00:50,0:00:50,0:01:00,0:01:30,20.1,30.5
2025-02-05,3,2025-02-05 13:00,2025-02-05 13:20,Seated_Lat_Pulldown,Middle_back,38,3,2,3,10,1.2,0.6,2.2,1.6,2.2,1.6,0.8,0.4,1.2,0.6,0.9,0.45,0.9,0.45,1.2,0.6,0:00:20,0:00:20,0:00:50,0:00:50,0:01:00,0:01:30,20.1,30.5
2025-02-05,3,2025-02-05 13:00,2025-02-05 13:20,Seated_Lat_Pulldown,Upper_back,38,3,2,3,10,1.2,0.6,2.2,1.6,2.2,1.6,0.8,0.4,1.2,0.6,0.9,0.45,0.9,0.45,1.2,0.6,0:00:20,0:00:20,0:00:50,0:00:50,0:01:00,0:01:30,20.1,30.5
2025-02-05,3,2025-02-05 13:00,2025-02-05 13:20,Seated_Lat_Pulldown,Middle_back,39,3,2,4,10,1.2,0.6,2.2,1.6,2.2,1.6,0.8,0.4,1.2,0.6,0.9,0.45,0.9,0.45,1.2,0.6,0:00:20,0:00:20,0:00:50,0:00:50,0:01:00,0:01:30,20.1,30.5
2025-02-05,3,2025-02-05 13:00,2025-02-05 13:20,Seated_Lat_Pulldown,Upper_back,39,3,2,4,10,1.2,0.6,2.2,1.6,2.2,1.6,0.8,0.4,1.2,0.6,0.9,0.45,0.9,0.45,1.2,0.6,0:00:20,0:00:20,0:00:50,0:00:50,0:01:00,0:01:30,20.1,30.5
2025-02-05,3,2025-02-05 13:00,2025-02-05 13:20,Seated_Lat_Pulldown,Middle_back,40,3,2,5,10,1.2,0.6,2.2,1.6,2.2,1.6,0.8,0.4,1.2,0.6,0.9,0.45,0.9,0.45,1.2,0.6,0:00:20,0:00:20,0:00:50,0:00:50,0:01:00,0:01:30,20.1,30.5
2025-02-05,3,2025-02-05 13:00,2025-02-05 13:20,Seated_Lat_Pulldown,Upper_back,40,3,2,5,10,1.2,0.6,2.2,1.6,2.2,1.6,0.8,0.4,1.2,0.6,0.9,0.45,0.9,0.45,1.2,0.6,0:00:20,0:00:20,0:00:50,0:00:50,0:01:00,0:01:30,20.1,30.5
2025-02-05,3,2025-02-05 13:00,2025-02-05 13:20,Seated_Lat_Pulldown,Middle_back,41,3,3,1,10,1.2,0.6,2.2,1.6,2.2,1.6,0.8,0.4,1.2,0.6,0.9,0.45,0.9,0.45,1.2,0.6,0:00:20,0:00:20,0:00:50,0:00:50,0:01:00,0:01:30,20.1,30.5
2025-02-05,3,2025-02-05 13:00,2025-02-05 13:20,Seated_Lat_Pulldown,Upper_back,41,3,3,1,10,1.2,0.6,2.2,1.6,2.2,1.6,0.8,0.4,1.2,0.6,0.9,0.45,0.9,0.45,1.2,0.6,0:00:20,0:00:20,0:00:50,0:00:50,0:01:00,0:01:30,20.1,30.5
2025-02-05,3,2025-02-05 13:00,2025-02-05 13:20,Seated_Lat_Pulldown,Middle_back,42,3,3,2,10,1.2,0.6,2.2,1.6,2.2,1.6,0.8,0.4,1.2,0.6,0.9,0.45,0.9,0.45,1.2,0.6,0:00:20,0:00:20,0:00:50,0:00:50,0:01:00,0:01:30,20.1,30.5
2025-02-05,3,2025-02-05 13:00,2025-02-05 13:20,Seated_Lat_Pulldown,Upper_back,42,3,3,2,10,1.2,0.6,2.2,1.6,2.2,1.6,0.8,0.4,1.2,0.6,0.9,0.45,0.9,0.45,1.2,0.6,0:00:20,0:00:20,0:00:50,0:00:50,0:01:00,0:01:30,20.1,30.5
2025-02-05,3,2025-02-05 13:00,2025-02-05 13:20,Seated_Lat_Pulldown,Middle_back,43,3,3,3,10,1.2,0.6,2.2,1.6,2.2,1.6,0.8,0.4,1.2,0.6,0.9,0.45,0.9,0.45,1.2,0.6,0:00:20,0:00:20,0:00:50,0:00:50,0:01:00,0:01:30,20.1,30.5
2025-02-05,3,2025-02-05 13:00,2025-02-05 13:20,Seated_Lat_Pulldown,Upper_back,43,3,3,3,10,1.2,0.6,2.2,1.6,2.2,1.6,0.8,0.4,1.2,0.6,0.9,0.45,0.9,0.45,1.2,0.6,0:00:20,0:00:20,0:00:50,0:00:50,0:01:00,0:01:30,20.1,30.5
2025-02-05,3,2025-02-05 13:00,2025-02-05 13:20,Seated_Lat_Pulldown,Middle_back,44,3,3,4,10,1.2,0.6,2.2,1.6,2.2,1.6,0.8,0.4,1.2,0.6,0.9,0.45,0.9,0.45,1.2,0.6,0:00:20,0:00:20,0:00:50,0:00:50,0:01:00,0:01:30,20.1,30.5
2025-02-05,3,2025-02-05 13:00,2025-02-05 13:20,Seated_Lat_Pulldown,Upper_back,44,3,3,4,10,1.2,0.6,2.2,1.6,2.2,1.6,0.8,0.4,1.2,0.6,0.9,0.45,0.9,0.45,1.2,0.6,0:00:20,0:00:20,0:00:50,0:00:50,0:01:00,0:01:30,20.1,30.5
2025-02-05,3,2025-02-05 13:00,2025-02-05 13:20,Seated_Lat_Pulldown,Middle_back,45,3,3,5,10,1.2,0.6,2.2,1.6,2.2,1.6,0.8,0.4,1.2,0.6,0.9,0.45,0.9,0.45,1.2,0.6,0:00:20,0:00:20,0:00:50,0:00:50,0:01:00,0:01:30,20.1,30.5
2025-02-05,3,2025-02-05 13:00,2025-02-05 13:20,Seated_Lat_Pulldown,Upper_back,45,3,3,5,10,1.2,0.6,2.2,1.6,2.2,1.6,0.8,0.4,1.2,0.6,0.9,0.45,0.9,0.45,1.2,0.6,0:00:20,0:00:20,0:00:50,0:00:50,0:01:00,0:01:30,20.1,30.5
